user1,83f70083124b5b05fedbf294f3ea761030429df24f0629618747381919050e17a6cf4ca3cd1531e32030640211102a72371eceed6f8cb5c27025dfcb34106953
user2,13d62390525827be577a5b3b03026b8720a667e0ba28cb0032036d90a1a4fc6b67cf61a4073cf215e4bc2542d57303bea80843bedf6aa4fc15fe94dda381f6ef
user3,3c2d9f8e54cdf34c6575e7d6f455fd175d41fc2bbc70e47e6ddb737fb755c25ff8cadb8dbe9055855ad1bdd48bb5b022015e12eb5f8d5a70dd16e7946218e85c
user4,85eef60fc178d0f515d000dbfb4962f23f7f184f935f43a45a947066025c55c81b9261fa46d89211daa8aa7ea0f238b80172a3aecd0381df5829df909fd2ff69
user5,77ff63b12a5a92ae3485af4725a631dfa3d36f1cc2bbd3673e93e8f090a69b29400a23138de6e54a5bd8a15672c1512074d5e25265a3207f6cec8c97d28ca97b
user6,80883e8328e74c054b91797f99928bfde06d494fa55a45dfb2d98bbd905b80560b68441d2298036903ee1bfb49257c69ce8dae42527a60a61ae27346b692c1c9
user7,ef7522a69ba57c151eacec401ed5fabe0a71cbe21af9d9eb9cd3b2918e01cded4ba6d678e23308b190f2cf6d5fe8d2aadb148624de73af6531be26799355a0bf
user8,1dfe43af64b01e4fc11d871902a74a10f7e83cb70c5e563cd46ac2c7beecd7e007289a5232b33c4100088d004ac951bce5afd98ef5f8af9fe0c0eba9061ebb22
user9,a7ce93a033719668929e293fee3183dc25c47804d070056a35fd59dea5cee89c236108d69394fe1ceb3c1e69a044f16f32367dcb80eafac8cd8de86041962a95
user10,704ec6e69e9da3c578a7646e07fc6e08c91de97f7966a7e349a4b420ade562986f4e8fbd79c779b127e22b445c7f9127655ad23345fc29f4087e24907e7b3b85
